<?xml version="1.0" encoding="windows-1252"?>
<RefData version="1.0" exporter="EA.25">
	<DataSet name="Package Build Scripts" table="t_script" filter="ScriptName='#ScriptName#' and ScriptAuthor='#ScriptAuthor#'" stoplist=";ScriptID;">
		<DataRow>
			<Column name="ScriptID" value="2"/>
			<Column name="ScriptCategory" value="EACompileScript"/>
			<Column name="ScriptName" value="Sample1"/>
			<Column name="ScriptAuthor" value="{E38FF711-3745-42bb-8E2E-37CE9DC28088}"/>
			<Column name="Notes" value="&lt;?xml version=&quot;1.0&quot;?&gt;&#xA;&lt;DATA&gt;&lt;Capture value=&quot;false&quot;/&gt;&lt;InitialDir value=&quot;%VEA%\jaackd\Delegates\Delegates1&quot;/&gt;&lt;OutputParser value=&quot;jaackd&quot;/&gt;&lt;RunCommand value=&quot;&quot;/&gt;&lt;TestRunCommand value=&quot;&quot;/&gt;&lt;TestOutputParser value=&quot;&amp;lt;none&amp;gt;&quot;/&gt;&lt;TestCapture value=&quot;false&quot;/&gt;&lt;TestBuildFirst value=&quot;false&quot;/&gt;&lt;DeployCommand value=&quot;&quot;/&gt;&lt;Debugger value=&quot;jaackd&quot;/&gt;&lt;ShowConsole value=&quot;false&quot;/&gt;&lt;Vars value=&quot;&quot;/&gt;&lt;DebugClass value=&quot;bin\Debug\Delegates1.exe&quot;/&gt;&lt;Attach value=&quot;false&quot;/&gt;&lt;SeqFilter value=&quot;&quot;/&gt;&lt;SeqOptionArguments value=&quot;false&quot;/&gt;&lt;SeqOptionFilter value=&quot;false&quot;/&gt;&lt;SeqOptionExternal value=&quot;false&quot;/&gt;&lt;SeqOptionStateDiagram value=&quot;true&quot;/&gt;&lt;SeqConstraint value=&quot;&quot;/&gt;&lt;Diagnostics value=&quot;false&quot;/&gt;&lt;ScriptVersion value=&quot;7.5&quot;/&gt;&lt;Active value=&quot;true&quot;/&gt;&lt;Flags value=&quot;0&quot;/&gt;&lt;BuildCmdType value=&quot;Process&quot;/&gt;&lt;BuildDir value=&quot;%VEA%\jaackd\Delegates\Delegates1&quot;/&gt;&lt;BuildParser value=&quot;jaackd&quot;/&gt;&lt;BuildDepends value=&quot;false&quot;/&gt;&lt;TestCmdType value=&quot;Process&quot;/&gt;&lt;Test value=&quot;&quot;/&gt;&lt;TestDir value=&quot;%VEA%\jaackd\Delegates\Delegates1&quot;/&gt;&lt;TestParser value=&quot;&amp;lt;none&amp;gt;&quot;/&gt;&lt;TestDepends value=&quot;false&quot;/&gt;&lt;RunCmdType value=&quot;Process&quot;/&gt;&lt;Run value=&quot;&quot;/&gt;&lt;RunDir value=&quot;&quot;/&gt;&lt;RunParser value=&quot;&amp;lt;none&amp;gt;&quot;/&gt;&lt;RunDepends value=&quot;false&quot;/&gt;&lt;DebugDir value=&quot;%VEA%\jaackd\Delegates\Delegates1&quot;/&gt;&lt;Debug value=&quot;bin\Debug\Delegates1.exe&quot;/&gt;&lt;DebugDepends value=&quot;false&quot;/&gt;&lt;Symbols value=&quot;&quot;/&gt;&lt;TraceOptions value=&quot;00004000&quot;/&gt;&lt;TraceFile value=&quot;&quot;/&gt;&lt;TraceFolder value=&quot;&quot;/&gt;&lt;TPOptions value=&quot;00004000&quot;/&gt;&lt;TPFile value=&quot;&quot;/&gt;&lt;TPFolder value=&quot;&quot;/&gt;&lt;/DATA&gt;&#xA;"/>
			<Column name="Script" value="&quot;%MSVS%\devenv.com&quot; /rebuild Debug Delegates1.sln"/>
		</DataRow>
		<DataRow>
			<Column name="ScriptID" value="3"/>
			<Column name="ScriptCategory" value="EACompileScript"/>
			<Column name="ScriptName" value="Sample2"/>
			<Column name="ScriptAuthor" value="{E38FF711-3745-42bb-8E2E-37CE9DC28088}"/>
			<Column name="Notes" value="&lt;?xml version=&quot;1.0&quot;?&gt;&#xA;&lt;DATA&gt;&lt;Capture value=&quot;false&quot;/&gt;&lt;InitialDir value=&quot;%VEA%\jaackd\Delegates\Delegates2&quot;/&gt;&lt;OutputParser value=&quot;jaackd&quot;/&gt;&lt;RunCommand value=&quot;&quot;/&gt;&lt;TestRunCommand value=&quot;&quot;/&gt;&lt;TestOutputParser value=&quot;&amp;lt;none&amp;gt;&quot;/&gt;&lt;TestCapture value=&quot;false&quot;/&gt;&lt;TestBuildFirst value=&quot;false&quot;/&gt;&lt;DeployCommand value=&quot;&quot;/&gt;&lt;Debugger value=&quot;jaackd&quot;/&gt;&lt;ShowConsole value=&quot;false&quot;/&gt;&lt;Vars value=&quot;&quot;/&gt;&lt;DebugClass value=&quot;bin\Debug\Delegates2.exe&quot;/&gt;&lt;Attach value=&quot;false&quot;/&gt;&lt;SeqFilter value=&quot;&quot;/&gt;&lt;SeqOptionArguments value=&quot;false&quot;/&gt;&lt;SeqOptionFilter value=&quot;false&quot;/&gt;&lt;SeqOptionExternal value=&quot;false&quot;/&gt;&lt;SeqOptionStateDiagram value=&quot;true&quot;/&gt;&lt;SeqConstraint value=&quot;&quot;/&gt;&lt;Diagnostics value=&quot;false&quot;/&gt;&lt;ScriptVersion value=&quot;7.5&quot;/&gt;&lt;Active value=&quot;true&quot;/&gt;&lt;Flags value=&quot;0&quot;/&gt;&lt;BuildCmdType value=&quot;Process&quot;/&gt;&lt;BuildDir value=&quot;%VEA%\jaackd\Delegates\Delegates2&quot;/&gt;&lt;BuildParser value=&quot;jaackd&quot;/&gt;&lt;BuildDepends value=&quot;false&quot;/&gt;&lt;TestCmdType value=&quot;Process&quot;/&gt;&lt;Test value=&quot;&quot;/&gt;&lt;TestDir value=&quot;&quot;/&gt;&lt;TestParser value=&quot;&amp;lt;none&amp;gt;&quot;/&gt;&lt;TestDepends value=&quot;false&quot;/&gt;&lt;RunCmdType value=&quot;Process&quot;/&gt;&lt;Run value=&quot;&quot;/&gt;&lt;RunDir value=&quot;&quot;/&gt;&lt;RunParser value=&quot;&amp;lt;none&amp;gt;&quot;/&gt;&lt;RunDepends value=&quot;false&quot;/&gt;&lt;DebugDir value=&quot;%VEA%\jaackd\Delegates\Delegates2&quot;/&gt;&lt;Debug value=&quot;bin\Debug\Delegates2.exe&quot;/&gt;&lt;DebugDepends value=&quot;false&quot;/&gt;&lt;Symbols value=&quot;&quot;/&gt;&lt;TraceOptions value=&quot;00004000&quot;/&gt;&lt;TraceFile value=&quot;&quot;/&gt;&lt;TraceFolder value=&quot;&quot;/&gt;&lt;TPOptions value=&quot;00004000&quot;/&gt;&lt;TPFile value=&quot;&quot;/&gt;&lt;TPFolder value=&quot;&quot;/&gt;&lt;/DATA&gt;&#xA;"/>
			<Column name="Script" value="&quot;%MSVS%\devenv.com&quot; /rebuild Debug Delegates2.sln"/>
		</DataRow>
	</DataSet>
</RefData>
